{"playerName":"John Smith","questLength":30,"dayCounter":0,"startDate":43563.18307613426,"currentDate":43563.18307613426,"dailyProgress":[0.0,0.0,0.0,0.0,0.0,0.0,0.0,0.0,0.0,0.0,0.0,0.0,0.0,0.0,0.0,0.0,0.0,0.0,0.0,0.0,0.0,0.0,0.0,0.0,0.0,0.0,0.0,0.0,0.0,0.0],"totalEXP":0.0,"playerLevel":0,"strengthEXP":0.0,"charismaEXP":0.0,"intellectEXP":0.0}